1st_sem_enrolled,1st_sem_evaluations,1st_sem_without_evaluations,1st_sem_approved,1st_sem_failed,1st_sem_grade,1st_sem_pass_rate
6,7,0,0,7,0.0,0.0
6,9,0,5,4,11.571428571428571,0.5555555555555556
7,7,0,7,0,12.714285714285714,1.0
6,8,0,6,2,13.857142857142858,0.75
7,14,0,0,14,0.0,0.0
6,9,0,4,5,12.0,0.4444444444444444
6,6,0,6,0,12.166666666666666,1.0
9,12,0,9,3,13.454545454545457,0.75
8,8,0,8,0,14.34125,1.0
7,7,0,7,0,13.7,1.0
7,12,0,7,5,11.716666666666663,0.5833333333333334
7,7,0,6,1,12.766666666666666,0.8571428571428571
7,8,0,6,2,14.35,0.75
8,8,0,7,1,14.654285714285717,0.875
6,7,0,6,1,11.666666666666666,0.8571428571428571
5,13,2,5,8,12.2,0.3846153846153846
8,10,0,6,4,11.833333333333334,0.6
12,12,0,12,0,15.333333333333334,1.0
5,7,1,2,5,10.0,0.2857142857142857
6,8,0,5,3,13.0,0.625
6,6,0,6,0,13.666666666666666,1.0
6,8,0,0,8,0.0,0.0
6,7,0,0,7,0.0,0.0
6,9,0,6,3,11.875,0.6666666666666666
18,22,1,18,4,11.88888888888889,0.8181818181818182
6,8,0,6,2,14.625,0.75
5,5,0,0,5,0.0,0.0
13,15,0,9,6,11.0,0.6
5,8,0,2,6,10.5,0.25
6,6,0,0,6,0.0,0.0
12,18,0,8,10,12.25,0.4444444444444444
4,8,1,0,8,0.0,0.0
7,11,0,5,6,12.1,0.4545454545454545
4,4,0,0,4,0.0,0.0
6,0,0,0,0,0.0,0.0
5,6,0,3,3,11.666666666666666,0.5
6,8,0,6,2,14.25,0.75
5,8,0,5,3,11.6,0.625
6,8,0,6,2,14.0,0.75
5,10,1,1,9,13.0,0.1
5,5,0,0,5,0.0,0.0
5,13,0,1,12,10.0,0.0769230769230769
5,8,1,4,4,13.25,0.5
6,0,0,0,0,0.0,0.0
7,0,0,0,0,0.0,0.0
5,6,0,5,1,14.0,0.8333333333333334
6,10,0,6,4,17.0,0.6
12,13,0,12,1,11.23076923076923,0.9230769230769232
8,8,0,7,1,13.937142857142858,0.875
7,8,0,7,1,12.65,0.875
5,9,0,4,5,11.6,0.4444444444444444
6,6,0,6,0,14.166666666666666,1.0
8,10,7,1,9,13.67,0.1
7,16,0,2,14,12.75,0.125
5,10,0,4,6,14.25,0.4
6,9,0,5,4,11.8,0.5555555555555556
6,7,0,6,1,12.666666666666666,0.8571428571428571
5,5,0,5,0,15.2,1.0
7,7,0,6,1,13.966666666666669,0.8571428571428571
6,8,0,6,2,11.5,0.75
0,0,0,0,0,0.0,0.0
6,6,0,6,0,14.666666666666666,1.0
7,9,0,7,2,15.155555555555557,0.7777777777777778
8,8,1,7,1,14.901428571428571,0.875
6,6,0,6,0,12.333333333333334,1.0
7,7,0,7,0,13.428571428571429,1.0
6,6,0,6,0,12.833333333333334,1.0
5,11,0,4,7,11.571428571428571,0.3636363636363636
5,14,0,4,10,11.0,0.2857142857142857
7,13,0,3,10,11.833333333333334,0.2307692307692307
6,10,0,6,4,11.571428571428571,0.6
6,6,0,6,0,14.833333333333334,1.0
6,0,0,0,0,0.0,0.0
6,11,0,6,5,11.285714285714286,0.5454545454545454
6,7,0,6,1,12.857142857142858,0.8571428571428571
0,0,0,0,0,0.0,0.0
7,7,0,6,1,15.433333333333332,0.8571428571428571
10,19,1,8,11,11.625,0.4210526315789473
8,8,0,7,1,11.971428571428572,0.875
7,8,0,7,1,13.30625,0.875
6,6,0,0,6,0.0,0.0
3,3,0,2,1,16.0,0.6666666666666666
7,7,0,6,1,12.733333333333334,0.8571428571428571
8,9,1,6,3,12.758333333333333,0.6666666666666666
6,8,0,5,3,12.0,0.625
5,11,0,3,8,10.666666666666666,0.2727272727272727
6,9,0,5,4,11.833333333333334,0.5555555555555556
5,8,0,4,4,12.0,0.5
5,6,0,5,1,12.4,0.8333333333333334
5,5,0,5,0,11.8,1.0
5,0,0,0,0,0.0,0.0
6,6,0,6,0,13.5,1.0
7,7,0,6,1,13.533333333333331,0.8571428571428571
12,12,3,9,3,12.444444444444445,0.75
6,8,0,3,5,12.333333333333334,0.375
6,8,0,6,2,11.666666666666666,0.75
8,16,1,1,15,10.0,0.0625
6,9,0,5,4,13.6,0.5555555555555556
6,9,0,0,9,0.0,0.0
6,7,0,0,7,0.0,0.0
6,11,0,6,5,13.428571428571429,0.5454545454545454
21,23,0,21,2,12.333333333333334,0.9130434782608696
6,9,0,6,3,13.333333333333334,0.6666666666666666
6,10,0,4,6,13.0,0.4
5,13,0,1,12,11.0,0.0769230769230769
6,11,0,3,8,15.0,0.2727272727272727
6,12,0,5,7,11.714285714285714,0.4166666666666667
5,9,0,2,7,11.0,0.2222222222222222
6,13,0,4,9,11.5,0.3076923076923077
5,5,0,5,0,15.2,1.0
6,6,0,1,5,14.0,0.1666666666666666
9,15,0,9,6,11.666666666666666,0.6
11,15,0,11,4,13.785714285714286,0.7333333333333333
8,8,0,7,1,13.1,0.875
6,10,0,5,5,11.5,0.5
7,7,0,7,0,14.728571428571428,1.0
6,6,0,5,1,12.2,0.8333333333333334
6,7,0,6,1,10.666666666666666,0.8571428571428571
21,21,0,21,0,12.476190476190476,1.0
6,12,0,3,9,12.666666666666666,0.25
5,8,0,5,3,10.2,0.625
6,13,0,3,10,10.0,0.2307692307692307
5,5,0,0,5,0.0,0.0
6,8,0,6,2,14.5,0.75
5,14,3,2,12,11.0,0.1428571428571428
5,9,0,2,7,13.333333333333334,0.2222222222222222
5,5,0,5,0,11.8,1.0
5,14,0,0,14,0.0,0.0
7,7,0,7,0,13.3,1.0
6,6,0,6,0,12.5,1.0
6,8,0,6,2,13.0,0.75
5,9,0,5,4,12.0,0.5555555555555556
11,11,0,11,0,12.7,1.0
7,12,0,6,6,11.666666666666666,0.5
6,6,0,6,0,12.666666666666666,1.0
5,5,0,5,0,16.2,1.0
5,7,0,0,7,0.0,0.0
11,11,0,11,0,12.636363636363637,1.0
5,6,0,5,1,10.6,0.8333333333333334
6,10,0,4,6,10.0,0.4
6,12,0,3,9,11.0,0.25
7,0,0,0,0,0.0,0.0
9,10,0,9,1,10.88888888888889,0.9
18,19,0,18,1,11.894736842105264,0.9473684210526316
6,11,0,5,6,12.4,0.4545454545454545
6,14,0,6,8,15.666666666666666,0.4285714285714285
5,6,0,5,1,13.2,0.8333333333333334
8,9,1,8,1,13.31,0.8888888888888888
7,7,7,0,7,0.0,0.0
5,10,0,4,6,13.2,0.4
8,11,3,7,4,13.29,0.6363636363636364
6,10,0,4,6,12.0,0.4
5,10,0,3,7,12.333333333333334,0.3
5,8,0,4,4,12.0,0.5
5,10,0,1,9,10.0,0.1
5,6,0,4,2,12.25,0.6666666666666666
7,10,0,7,3,13.605,0.7
7,7,0,7,0,16.885714285714283,1.0
6,16,0,2,14,11.0,0.125
6,8,0,6,2,12.166666666666666,0.75
7,16,0,4,12,13.625,0.25
7,8,0,6,2,14.333333333333334,0.75
5,5,0,5,0,14.0,1.0
7,7,0,6,1,12.333333333333334,0.8571428571428571
6,7,0,6,1,11.5,0.8571428571428571
6,8,0,6,2,11.333333333333334,0.75
5,5,0,0,5,0.0,0.0
5,7,0,4,3,11.75,0.5714285714285714
6,8,0,6,2,13.333333333333334,0.75
7,16,0,3,13,12.0,0.1875
6,6,0,5,1,12.8,0.8333333333333334
6,8,0,6,2,12.285714285714286,0.75
6,7,0,5,2,13.0,0.7142857142857143
6,6,0,6,0,14.333333333333334,1.0
5,0,0,0,0,0.0,0.0
7,7,0,7,0,14.014285714285714,1.0
5,12,0,3,9,11.666666666666666,0.25
6,8,0,4,4,11.75,0.5
7,10,0,7,3,13.128,0.7
14,16,0,11,5,11.272727272727272,0.6875
7,14,2,4,10,12.0,0.2857142857142857
17,18,0,17,1,13.38888888888889,0.9444444444444444
6,6,0,2,4,13.0,0.3333333333333333
7,7,0,0,7,0.0,0.0
6,7,0,5,2,12.4,0.7142857142857143
5,5,0,0,5,0.0,0.0
5,13,3,0,13,0.0,0.0
6,8,0,5,3,12.6,0.625
5,8,0,5,3,11.8,0.625
8,12,2,2,10,11.5,0.1666666666666666
5,12,2,5,7,12.8,0.4166666666666667
5,6,0,3,3,10.666666666666666,0.5
0,0,0,0,0,0.0,0.0
10,20,0,6,14,11.5,0.3
7,13,0,6,7,11.833333333333334,0.4615384615384615
6,14,0,6,8,11.333333333333334,0.4285714285714285
8,8,0,7,1,14.652857142857142,0.875
6,6,0,6,0,13.666666666666666,1.0
6,12,0,0,12,0.0,0.0
6,9,0,5,4,11.8,0.5555555555555556
5,7,0,0,7,0.0,0.0
5,7,0,5,2,13.6,0.7142857142857143
0,0,0,0,0,0.0,0.0
7,8,0,6,2,13.863333333333337,0.75
6,6,0,6,0,12.666666666666666,1.0
5,5,0,0,5,0.0,0.0
6,8,0,6,2,12.25,0.75
0,0,0,0,0,0.0,0.0
6,7,0,6,1,13.166666666666666,0.8571428571428571
6,8,0,5,3,12.0,0.625
6,6,0,6,0,15.166666666666666,1.0
7,0,0,0,0,0.0,0.0
7,7,0,7,0,12.5,1.0
8,8,0,7,1,13.6,0.875
8,9,2,6,3,13.345,0.6666666666666666
7,7,0,6,1,11.666666666666666,0.8571428571428571
5,6,0,5,1,14.4,0.8333333333333334
5,9,0,0,9,0.0,0.0
6,11,0,5,6,11.833333333333334,0.4545454545454545
6,11,0,3,8,10.333333333333334,0.2727272727272727
7,7,0,6,1,12.95,0.8571428571428571
12,12,0,12,0,13.333333333333334,1.0
0,0,0,0,0,0.0,0.0
7,7,0,6,1,15.2,0.8571428571428571
6,0,0,0,0,0.0,0.0
5,6,0,5,1,10.6,0.8333333333333334
6,7,0,6,1,13.571428571428571,0.8571428571428571
3,4,0,0,4,0.0,0.0
0,0,0,0,0,0.0,0.0
8,8,0,8,0,13.625,1.0
23,23,3,20,3,13.5,0.8695652173913043
6,0,0,0,0,0.0,0.0
6,9,0,5,4,13.4,0.5555555555555556
5,9,0,0,9,0.0,0.0
5,5,0,5,0,10.2,1.0
6,8,0,5,3,11.0,0.625
6,19,0,0,19,0.0,0.0
6,6,0,6,0,12.5,1.0
5,5,0,5,0,12.8,1.0
6,8,0,5,3,11.0,0.625
6,7,0,6,1,12.571428571428571,0.8571428571428571
6,0,0,0,0,0.0,0.0
7,12,0,4,8,12.0,0.3333333333333333
6,13,0,5,8,11.6,0.3846153846153846
5,5,0,5,0,13.8,1.0
6,12,0,4,8,12.75,0.3333333333333333
6,14,0,2,12,10.5,0.1428571428571428
6,6,0,0,6,0.0,0.0
6,7,0,6,1,11.5,0.8571428571428571
6,9,0,5,4,12.6,0.5555555555555556
7,7,0,7,0,14.114285714285714,1.0
8,11,0,7,4,12.771428571428572,0.6363636363636364
8,8,0,7,1,13.024285714285714,0.875
6,7,0,6,1,12.0,0.8571428571428571
6,6,0,6,0,12.166666666666666,1.0
6,6,0,6,0,12.166666666666666,1.0
7,7,0,2,5,10.0,0.2857142857142857
6,10,0,4,6,12.0,0.4
5,7,0,5,2,14.4,0.7142857142857143
5,9,0,5,4,12.0,0.5555555555555556
6,8,0,6,2,11.285714285714286,0.75
6,7,0,6,1,11.666666666666666,0.8571428571428571
6,12,1,0,12,0.0,0.0
6,12,0,0,12,0.0,0.0
8,8,0,8,0,13.3475,1.0
7,8,0,7,1,13.0,0.875
6,7,0,6,1,12.833333333333334,0.8571428571428571
12,13,0,12,1,12.25,0.9230769230769232
7,9,0,6,3,12.783333333333331,0.6666666666666666
5,5,0,0,5,0.0,0.0
6,11,0,3,8,12.0,0.2727272727272727
11,20,0,9,11,12.22222222222222,0.45
6,6,0,0,6,0.0,0.0
5,6,0,3,3,11.333333333333334,0.5
6,7,0,6,1,12.857142857142858,0.8571428571428571
6,6,0,6,0,13.5,1.0
6,8,0,6,2,12.833333333333334,0.75
5,10,0,4,6,12.5,0.4
8,8,0,8,0,13.01125,1.0
7,8,0,7,1,12.5,0.875
6,6,0,6,0,13.666666666666666,1.0
7,8,0,7,1,17.125,0.875
5,10,0,5,5,10.875,0.5
5,5,0,0,5,0.0,0.0
6,0,0,0,0,0.0,0.0
7,12,0,4,8,12.65,0.3333333333333333
6,11,0,4,7,13.0,0.3636363636363636
7,21,3,5,16,10.9,0.238095238095238
5,7,0,2,5,10.0,0.2857142857142857
6,10,0,6,4,14.0,0.6
5,5,0,0,5,0.0,0.0
5,5,0,5,0,11.2,1.0
6,12,0,2,10,11.333333333333334,0.1666666666666666
6,6,0,6,0,14.333333333333334,1.0
6,9,0,5,4,13.0,0.5555555555555556
6,7,0,6,1,14.857142857142858,0.8571428571428571
0,0,0,0,0,0.0,0.0
6,6,0,6,0,12.666666666666666,1.0
8,8,8,0,8,0.0,0.0
8,8,0,7,1,12.628571428571428,0.875
10,11,0,10,1,14.3,0.9090909090909092
6,8,0,4,4,12.75,0.5
6,9,0,6,3,13.0,0.6666666666666666
6,10,0,4,6,13.5,0.4
6,11,0,3,8,11.75,0.2727272727272727
16,17,0,16,1,14.125,0.9411764705882352
8,8,0,7,1,12.694285714285714,0.875
6,10,0,5,5,11.8,0.5
6,9,0,6,3,12.333333333333334,0.6666666666666666
6,8,0,6,2,13.166666666666666,0.75
6,10,0,6,4,13.0,0.6
0,0,0,0,0,0.0,0.0
5,11,0,4,7,11.25,0.3636363636363636
6,10,0,6,4,17.11111111111111,0.6
0,0,0,0,0,0.0,0.0
5,10,0,5,5,15.8,0.5
6,7,0,6,1,15.0,0.8571428571428571
15,26,0,14,12,10.466666666666669,0.5384615384615384
8,8,0,7,1,13.585714285714284,0.875
8,12,0,7,5,12.457142857142856,0.5833333333333334
6,10,0,6,4,14.7,0.6
6,16,0,0,16,0.0,0.0
6,8,0,6,2,13.142857142857142,0.75
6,0,0,0,0,0.0,0.0
5,14,0,1,13,18.0,0.0714285714285714
6,7,0,6,1,13.166666666666666,0.8571428571428571
7,18,0,3,15,11.25,0.1666666666666666
6,11,0,3,8,12.0,0.2727272727272727
14,22,0,12,10,12.333333333333334,0.5454545454545454
7,8,0,5,3,11.2,0.625
6,13,0,6,7,16.0,0.4615384615384615
6,10,0,5,5,11.285714285714286,0.5
6,8,0,3,5,11.666666666666666,0.375
6,14,0,4,10,11.5,0.2857142857142857
6,7,0,6,1,12.0,0.8571428571428571
6,6,0,6,0,15.5,1.0
7,14,6,0,14,0.0,0.0
5,9,0,0,9,0.0,0.0
6,14,0,3,11,12.666666666666666,0.2142857142857142
5,10,0,2,8,14.0,0.2
6,13,0,6,7,15.23076923076923,0.4615384615384615
6,9,0,2,7,12.0,0.2222222222222222
1,1,0,0,1,0.0,0.0
6,8,0,6,2,11.333333333333334,0.75
6,0,0,0,0,0.0,0.0
5,0,0,0,0,0.0,0.0
12,12,0,7,5,11.0,0.5833333333333334
8,8,0,8,0,12.98125,1.0
5,9,0,2,7,14.333333333333334,0.2222222222222222
8,8,0,7,1,14.014285714285714,0.875
6,8,0,5,3,12.2,0.625
6,15,0,3,12,14.4,0.2
6,9,0,2,7,15.0,0.2222222222222222
5,8,0,4,4,11.25,0.5
5,9,1,4,5,13.75,0.4444444444444444
6,0,0,0,0,0.0,0.0
6,9,0,5,4,11.571428571428571,0.5555555555555556
7,9,0,6,3,13.0,0.6666666666666666
6,14,0,0,14,0.0,0.0
6,6,0,6,0,14.0,1.0
6,11,0,3,8,12.333333333333334,0.2727272727272727
8,8,0,7,1,13.314285714285717,0.875
12,13,0,12,1,14.538461538461538,0.9230769230769232
6,12,0,0,12,0.0,0.0
13,13,0,11,2,12.727272727272728,0.8461538461538461
6,12,0,2,10,11.5,0.1666666666666666
6,7,0,6,1,13.428571428571429,0.8571428571428571
6,6,0,6,0,14.666666666666666,1.0
6,8,0,6,2,13.875,0.75
7,16,0,6,10,12.514285714285716,0.375
7,8,0,6,2,11.658333333333331,0.75
7,8,0,7,1,13.198571428571428,0.875
6,12,0,4,8,12.8,0.3333333333333333
5,6,0,5,1,11.2,0.8333333333333334
0,0,0,0,0,0.0,0.0
2,2,0,2,0,12.0,1.0
8,8,0,7,1,14.535714285714286,0.875
6,11,1,2,9,12.0,0.1818181818181818
6,16,0,2,14,10.5,0.125
6,7,0,5,2,11.6,0.7142857142857143
6,8,0,5,3,11.0,0.625
18,23,2,14,9,12.785714285714286,0.6086956521739131
6,15,0,2,13,12.0,0.1333333333333333
0,0,0,0,0,0.0,0.0
10,18,0,6,12,12.666666666666666,0.3333333333333333
5,8,0,5,3,11.0,0.625
7,7,0,7,0,13.62857142857143,1.0
7,8,0,5,3,12.16,0.625
7,7,0,7,0,12.285714285714286,1.0
6,0,0,0,0,0.0,0.0
6,9,0,4,5,11.0,0.4444444444444444
4,4,0,0,4,0.0,0.0
6,8,0,6,2,12.25,0.75
6,11,0,4,7,11.25,0.3636363636363636
8,8,0,7,1,14.805714285714286,0.875
7,8,1,0,8,0.0,0.0
6,8,0,4,4,11.0,0.5
5,7,0,3,4,13.0,0.4285714285714285
7,12,0,4,8,14.0,0.3333333333333333
7,7,0,6,1,14.566666666666668,0.8571428571428571
7,7,0,7,0,13.285714285714286,1.0
5,14,2,4,10,13.5,0.2857142857142857
7,7,7,0,7,0.0,0.0
17,21,0,17,4,12.578947368421051,0.8095238095238095
6,9,0,5,4,11.6,0.5555555555555556
7,7,0,7,0,13.79857142857143,1.0
7,9,0,7,2,11.677777777777775,0.7777777777777778
5,5,0,5,0,14.0,1.0
8,8,0,7,1,12.342857142857143,0.875
7,7,0,6,1,12.916666666666666,0.8571428571428571
8,9,1,8,1,13.2325,0.8888888888888888
6,7,0,6,1,11.0,0.8571428571428571
6,6,0,6,0,15.166666666666666,1.0
5,8,0,4,4,12.5,0.5
5,8,0,3,5,12.0,0.375
5,13,0,1,12,10.0,0.0769230769230769
13,22,0,10,12,10.4,0.4545454545454545
6,6,0,6,0,15.5,1.0
11,14,0,10,4,12.4,0.7142857142857143
5,7,0,4,3,12.0,0.5714285714285714
6,6,0,0,6,0.0,0.0
