item_id,item_name,category,description,action_plan,low_grade,low_pass_rate,failed_burden,evaluation_issue,workload_gap,high_performance
REC_001,Học kèm / Tutoring,Academic Support,Tham gia các buổi hỗ trợ môn học để củng cố kiến thức ở những học phần có kết quả thấp.,Đăng ký tutoring hoặc nhóm học hỗ trợ và tập trung vào các học phần có tỷ lệ đạt thấp.,0.9,0.9,0.8,0.2,0.4,0.0
REC_002,Học lại học phần chưa đạt,Course Recovery,Ưu tiên xử lý các học phần chưa đạt để cải thiện tiến độ học tập.,"Xác định các học phần chưa đạt và lập kế hoạch học lại, ưu tiên các học phần tiên quyết.",0.6,0.9,1.0,0.1,0.7,0.0
REC_003,Điều chỉnh khối lượng học tập,Workload Management,Cân nhắc điều chỉnh khối lượng đăng ký khi kết quả đạt được chưa tương xứng với khối lượng học tập.,Xem xét giảm hoặc phân bổ lại khối lượng học tập ở kỳ tiếp theo dựa trên tình trạng thực tế và tư vấn học tập.,0.5,0.7,0.8,0.1,1.0,0.0
REC_004,Tư vấn Cố vấn học tập,Academic Advising,Trao đổi với cố vấn học tập để xem xét nguyên nhân và xây dựng kế hoạch học tập phù hợp.,"Đề xuất một buổi trao đổi 1-1 với cố vấn học tập để rà soát tiến độ, học phần khó và kế hoạch kỳ tiếp theo.",0.4,0.5,0.5,1.0,0.3,0.0
REC_005,Lập kế hoạch tự học cá nhân,Study Planning,Xây dựng lịch học cá nhân dựa trên mức độ ưu tiên của từng học phần.,"Phân bổ thời gian theo từng học phần, đặt mục tiêu theo tuần và theo dõi mức độ hoàn thành.",0.5,0.6,0.4,0.4,0.7,0.1
REC_006,Tham gia nhóm học tập,Peer Learning,Học cùng nhóm để tăng cơ hội trao đổi kiến thức và duy trì tiến độ.,Tham gia nhóm học tập cho các học phần khó và thống nhất lịch ôn tập định kỳ.,0.6,0.7,0.5,0.3,0.5,0.1
REC_007,Theo dõi tiến độ định kỳ,Progress Monitoring,Theo dõi kết quả học tập theo từng giai đoạn để phát hiện vấn đề sớm.,"Thiết lập các mốc kiểm tra tiến độ và rà soát điểm, tỷ lệ đạt và học phần chưa hoàn thành định kỳ.",0.3,0.4,0.3,0.5,0.4,0.2
REC_008,Duy trì lộ trình chuẩn,Study Maintenance,Tiếp tục duy trì tiến độ học tập ổn định khi các chỉ số học tập đang ở mức tích cực.,"Tiếp tục đăng ký và hoàn thành học phần theo lộ trình của chương trình đào tạo, đồng thời duy trì thói quen học tập hiện tại.",0.1,0.1,0.1,0.0,0.2,0.8
REC_009,Hoạt động học thuật nâng cao,Academic Enrichment,Phát huy kết quả học tập tốt thông qua các hoạt động học thuật bổ trợ.,"Cân nhắc tham gia nghiên cứu khoa học, seminar, cuộc thi học thuật hoặc câu lạc bộ chuyên môn phù hợp với thời gian học tập.",0.0,0.0,0.0,0.0,0.1,1.0
REC_010,Ôn tập và củng cố học phần yếu,Remedial Study,Tập trung ôn tập các nội dung nền tảng của học phần có kết quả chưa tốt.,"Xác định các chủ đề còn yếu, phân chia thành các mục tiêu nhỏ và thực hiện ôn tập bổ sung trước kỳ đánh giá tiếp theo.",0.8,0.8,0.7,0.4,0.5,0.0
